0,233,11,4,13,5,582,715,0,1,0,0,0,1,3367,3,3773,1245,9,730,852
1,233,119,21,75,3,582,844,0,1,0,0,0,1,3367,3,3773,1245,3,730,607
2,233,36,9,25,5,628,810,0,1,0,0,0,1,3367,3,3773,1245,2,832,845
3,160,14,7,14,4,628,715,0,1,0,0,0,1,3367,3,3773,624,6,832,607
4,568,5,5,2,4,628,413,0,1,0,0,0,1,3367,3,3773,1245,7,491,735
5,568,31,8,27,3,628,731,0,1,0,0,0,1,3367,3,3773,1245,2,491,735
6,160,45,12,46,4,628,731,0,1,0,0,0,1,3367,3,3773,624,4,504,607
7,233,2,1,4,4,628,810,0,1,0,0,0,1,3367,3,3773,1245,0,504,735
8,485,24,3,8,4,628,715,0,1,0,0,0,1,3367,3,3773,382,3,295,845
9,568,12,7,11,3,628,810,0,1,0,0,0,1,3367,3,3773,1245,5,295,735
10,233,102,24,58,2,631,810,0,1,0,0,0,1,3367,3,3773,1245,9,402,607
11,934,20,9,24,3,631,715,0,1,0,0,0,1,3367,3,3773,688,4,402,845
12,233,7,6,9,2,631,715,0,1,0,0,0,1,3367,3,3773,1245,1,420,932
13,233,22,5,13,3,631,715,0,1,0,0,0,1,3367,3,3773,1245,1,420,852
14,160,3,3,0,3,631,715,0,1,0,0,0,1,3367,3,3773,624,1,633,628
15,936,146,17,33,4,631,810,0,1,0,0,0,1,3367,3,3773,688,2,633,845
16,568,8,8,9,1,648,810,0,1,0,0,0,1,3367,3,3773,1245,4,935,932
17,233,9,3,1,4,648,810,0,1,0,0,0,1,3367,3,3773,1245,2,935,845
18,568,41,9,19,3,648,731,0,1,0,0,0,1,3367,3,3773,1245,2,718,735
19,233,8,7,26,2,648,731,0,1,0,0,0,1,3367,3,3773,1245,10,718,616
20,160,10,5,2,4,648,731,0,1,0,0,0,1,3367,3,3773,624,7,830,845
21,936,4,3,3,1,648,731,0,1,0,0,0,1,3367,3,3773,688,3,830,616
22,160,18,7,19,4,582,810,0,1,0,0,0,1,3367,3,3773,624,0,791,845
23,233,4,4,3,2,582,731,0,1,0,0,0,1,3367,3,3773,1245,5,791,628
24,703,29,11,15,4,582,731,1,1,0,1,0,1,2174,3,3981,624,3,730,616
25,233,114,42,52,4,582,844,1,1,0,1,0,1,2174,3,3981,1245,11,730,845
26,568,30,12,17,5,582,731,1,1,0,1,0,1,2174,3,3981,1245,8,832,607
27,160,87,18,36,3,582,844,1,1,0,1,0,1,2174,3,3981,624,3,832,852
28,233,26,10,28,5,628,413,1,1,0,1,0,1,2174,3,3981,1245,1,491,932
29,703,8,7,9,5,628,731,1,1,0,1,0,1,2174,3,3981,624,8,491,932
30,568,11,8,13,5,628,731,1,1,0,1,0,1,2174,3,3981,1245,7,504,607
31,934,4,3,2,3,628,731,1,1,0,1,0,1,2174,3,3981,688,0,504,607
32,568,56,8,7,3,628,413,1,1,0,1,0,1,2174,3,3981,1245,1,295,735
33,521,13,12,8,3,628,715,1,1,0,1,0,1,2174,3,3981,582,4,295,932
34,934,58,9,15,4,631,731,1,1,0,1,0,1,2174,3,3981,688,0,402,845
35,700,20,7,4,3,631,731,1,1,0,1,0,1,2174,3,3981,624,6,402,845
36,233,70,27,24,4,631,715,1,1,0,1,0,1,2174,3,3981,1245,6,420,607
37,504,6,3,7,4,631,715,1,1,0,1,0,1,2174,3,3981,582,1,420,852
38,233,290,263,299,4,631,731,1,1,0,1,0,1,2174,3,3981,1245,10,633,616
39,233,24,6,9,2,631,810,1,1,0,1,0,1,2174,3,3981,1245,2,633,932
40,606,29,8,21,3,648,844,1,1,0,1,0,1,2174,3,3981,624,2,935,932
41,568,20,5,59,3,648,731,1,1,0,1,0,1,2174,3,3981,1245,8,935,845
42,1144,3,3,3,3,648,810,1,1,0,1,0,1,2174,3,3981,624,4,718,845
43,703,47,6,27,4,648,715,1,1,0,1,0,1,2174,3,3981,624,5,718,616
44,233,35,8,19,4,648,810,1,1,0,1,0,1,2174,3,3981,1245,6,830,628
45,160,6,0,4,4,648,715,1,1,0,1,0,1,2174,3,3981,624,1,830,628
46,160,74,47,54,4,582,731,1,1,0,1,0,1,2174,3,3981,624,7,791,932
47,520,34,8,30,3,582,413,1,1,0,1,0,1,2174,3,3981,382,4,791,735
48,160,576,43,340,3,582,731,1,1,0,1,0,0,2358,4,3003,624,3,730,616
49,233,20,8,11,4,582,413,1,1,0,1,0,0,2358,4,3003,1245,5,730,845
50,233,418,32,132,2,582,731,1,1,0,1,0,0,2358,4,3003,1245,3,832,735
51,233,73,13,22,4,582,731,1,1,0,1,0,0,2358,4,3003,1245,2,832,735
52,568,30,10,32,3,628,731,1,1,0,1,0,0,2358,4,3003,1245,2,491,932
53,233,63,15,17,4,628,844,1,1,0,1,0,0,2358,4,3003,1245,2,491,735
54,824,24,10,13,5,628,731,1,1,0,1,0,0,2358,4,3003,624,5,504,932
55,1145,54,18,16,2,628,844,1,1,0,1,0,0,2358,4,3003,582,5,504,735
56,934,20,7,11,4,628,731,1,1,0,1,0,0,2358,4,3003,688,2,295,607
57,160,41,7,24,4,628,731,1,1,0,1,0,0,2358,4,3003,624,3,295,616
58,703,7,5,7,4,631,731,1,1,0,1,0,0,2358,4,3003,624,9,402,735
59,568,13,9,15,4,631,715,1,1,0,1,0,0,2358,4,3003,1245,1,402,616
60,160,10,5,4,4,631,810,1,1,0,1,0,0,2358,4,3003,624,1,420,607
61,936,9,6,19,3,631,731,1,1,0,1,0,0,2358,4,3003,688,7,420,932
62,537,36,19,36,2,631,413,1,1,0,1,0,0,2358,4,3003,624,5,633,852
63,160,33,12,19,3,631,810,1,1,0,1,0,0,2358,4,3003,624,5,633,845
64,1881,156,126,142,3,648,715,1,1,0,1,0,0,2358,4,3003,382,8,935,607
65,703,19,17,16,4,648,731,1,1,0,1,0,0,2358,4,3003,624,5,935,932
66,233,23,17,11,3,648,810,1,1,0,1,0,0,2358,4,3003,1245,1,718,607
67,233,13,3,3,2,648,731,1,1,0,1,0,0,2358,4,3003,1245,1,718,628
68,734,8,5,8,4,648,731,1,1,0,1,0,0,2358,4,3003,624,8,830,607
69,483,1,0,2,1,648,844,1,1,0,1,0,0,2358,4,3003,382,0,830,932
70,587,21,18,6,2,582,844,1,1,0,1,0,0,2358,4,3003,624,0,791,628
71,613,56,14,36,5,582,731,1,1,0,1,0,0,2358,4,3003,1245,3,791,616
72,707,29,11,14,3,582,844,1,1,1,1,0,1,2959,4,2884,624,6,730,628
73,934,11,5,8,4,582,731,1,1,1,1,0,1,2959,4,2884,688,1,730,852
74,568,19,12,167,4,582,715,1,1,1,1,0,1,2959,4,2884,1245,9,832,616
75,233,17,9,16,5,582,413,1,1,1,1,0,1,2959,4,2884,1245,-1806,832,616
76,233,43,8,20,4,628,731,1,1,1,1,0,1,2959,4,2884,1245,1,491,607
77,568,12,8,3,4,628,715,1,1,1,1,0,1,2959,4,2884,1245,2,491,845
78,233,15,14,7,4,628,715,1,1,1,1,0,1,2959,4,2884,1245,9,504,735
79,934,16,13,16,3,628,810,1,1,1,1,0,1,2959,4,2884,688,6,504,932
80,485,12,4,25,3,628,810,1,1,1,1,0,1,2959,4,2884,382,1,295,607
81,723,10,0,5,4,628,715,1,1,1,1,0,1,2959,4,2884,624,3,295,628
82,233,27,17,16,3,631,810,1,1,1,1,0,1,2959,4,2884,1245,6,402,852
83,568,6,5,5,4,631,731,1,1,1,1,0,1,2959,4,2884,1245,2,402,735
84,934,21,20,14,5,631,731,1,1,1,1,0,1,2959,4,2884,688,3,420,932
85,817,43,14,27,4,631,413,1,1,1,1,0,1,2959,4,2884,382,5,420,852
86,613,97,31,37,4,631,731,1,1,1,1,0,1,2959,4,2884,1253,8,633,845
87,160,7,3,4,4,631,731,1,1,1,1,0,1,2959,4,2884,624,5,633,607
88,160,11,9,6,3,648,731,1,1,1,1,0,1,2959,4,2884,624,0,935,607
89,233,78,11,30,4,648,844,1,1,1,1,0,1,2959,4,2884,1245,2,935,735
90,934,12,7,4,5,648,810,1,1,1,1,0,1,2959,4,2884,688,5,718,616
91,233,27,11,5,3,648,731,1,1,1,1,0,1,2959,4,2884,1245,2,718,616
92,805,4,3,1,5,648,731,1,1,1,1,0,1,2959,4,2884,382,7,830,607
93,934,27,9,8,4,648,810,1,1,1,1,0,1,2959,4,2884,688,2,830,607
94,568,12,3,7,4,582,715,1,1,1,1,0,1,2959,4,2884,1245,4,791,845
95,568,21,16,48,5,582,731,1,1,1,1,0,1,2959,4,2884,1245,12,791,852
96,160,34,17,30,4,582,810,1,1,1,1,0,1,4469,4,1467,624,8,730,628
97,233,12,6,1,5,582,715,1,1,1,1,0,1,4469,4,1467,1245,2,730,628
98,1265,79,39,51,3,582,731,1,1,1,1,0,1,4469,4,1467,382,5,832,932
99,608,18,10,16,3,582,844,1,1,1,1,0,1,4469,4,1467,382,2,832,852
100,568,13,3,8,4,628,844,1,1,1,1,0,1,4469,4,1467,1245,3,491,932
101,160,14,4,9,4,628,731,1,1,1,1,0,1,4469,4,1467,624,1,491,607
102,703,19,9,28,5,628,731,1,1,1,1,0,1,4469,4,1467,624,3,504,607
103,485,88,15,103,4,628,844,1,1,1,1,0,1,4469,4,1467,382,3,504,616
104,936,8,4,0,4,628,731,1,1,1,1,0,1,4469,4,1467,688,1,295,735
105,709,39,15,31,3,628,715,1,1,1,1,0,1,4469,4,1467,624,1,295,628
106,160,130,41,61,4,631,844,1,1,1,1,0,1,4469,4,1467,624,3,402,735
107,934,79,78,105,4,631,715,1,1,1,1,0,1,4469,4,1467,688,7,402,932
108,160,13,10,16,4,631,413,1,1,1,1,0,1,4469,4,1467,624,10,420,932
109,160,18,6,17,4,631,731,1,1,1,1,0,1,4469,4,1467,624,1,420,616
110,936,8,7,3,5,631,715,1,1,1,1,0,1,4469,4,1467,688,1,633,845
111,934,15,4,6,5,631,731,1,1,1,1,0,1,4469,4,1467,688,0,633,607
112,568,27,0,9,1,648,731,1,1,1,1,0,1,4469,4,1467,1245,0,935,735
113,934,5,3,2,5,648,731,1,1,1,1,0,1,4469,4,1467,688,5,935,932
114,160,22,6,6,5,648,715,1,1,1,1,0,1,4469,4,1467,624,1,718,735
115,233,5,3,11,2,648,715,1,1,1,1,0,1,4469,4,1467,1245,1,718,852
116,485,31,8,11,4,648,413,1,1,1,1,0,1,4469,4,1467,382,1,830,628
117,1144,33,8,8,5,648,715,1,1,1,1,0,1,4469,4,1467,624,7,830,845
118,160,10,6,11,5,582,731,1,1,1,1,0,1,4469,4,1467,624,4,791,845
119,160,12,3,3,5,582,810,1,1,1,1,0,1,4469,4,1467,624,4,791,852
120,233,50,14,24,5,582,715,1,1,0,1,0,1,1320,5,3348,1245,7,730,932
121,233,161,33,85,4,582,731,1,1,0,1,0,1,1320,5,3348,1245,3,730,607
122,1068,153,38,81,5,582,810,1,1,0,1,0,1,1320,5,3348,1245,10,832,735
123,568,14,3,12,5,582,810,1,1,0,1,0,1,1320,5,3348,1245,2,832,852
124,233,31,12,10,5,628,810,1,1,0,1,0,1,1320,5,3348,1245,4,491,607
125,233,15,10,29,3,628,810,1,1,0,1,0,1,1320,5,3348,1245,9,491,607
126,568,5,5,4,5,628,731,1,1,0,1,0,1,1320,5,3348,1245,3,504,852
127,233,46,4,21,4,628,731,1,1,0,1,0,1,1320,5,3348,1245,2,504,845
128,160,15,6,39,1,628,731,1,1,0,1,0,1,1320,5,3348,624,4,295,628
129,160,63,27,35,4,628,731,1,1,0,1,0,1,1320,5,3348,624,5,295,932
130,233,17,15,13,4,631,731,1,1,0,1,0,1,1320,5,3348,1245,2,402,628
131,233,25,22,36,1,631,413,1,1,0,1,0,1,1320,5,3348,1245,9,402,735
132,233,14,8,4,5,631,731,1,1,0,1,0,1,1320,5,3348,1245,1,420,616
133,160,59,56,37,3,631,810,1,1,0,1,0,1,1320,5,3348,624,6,420,735
134,160,11,10,17,5,631,810,1,1,0,1,0,1,1320,5,3348,624,3,633,607
135,568,54,18,31,4,631,715,1,1,0,1,0,1,1320,5,3348,1245,5,633,932
136,233,4,3,4,5,648,731,1,1,0,1,0,1,1320,5,3348,1245,3,935,616
137,233,10,7,7,5,648,731,1,1,0,1,0,1,1320,5,3348,1245,3,935,735
138,233,14,6,7,5,648,844,1,1,0,1,0,1,1320,5,3348,1245,11,718,628
139,233,39,12,16,5,648,715,1,1,0,1,0,1,1320,5,3348,1245,2,718,852
140,934,35,24,43,5,648,731,1,1,0,1,0,1,1320,5,3348,688,4,830,628
141,934,6,6,9,3,648,810,1,1,0,1,0,1,1320,5,3348,688,0,830,628
142,233,23,7,2,4,582,810,1,1,0,1,0,1,1320,5,3348,1245,3,791,607
143,233,48,21,67,4,582,731,1,1,0,1,0,1,1320,5,3348,1245,13,791,628
144,934,16,9,14,4,582,715,1,1,0,1,0,1,2447,5,2959,688,3,730,852
145,934,12,6,3,5,582,715,1,1,0,1,0,1,2447,5,2959,688,1,730,852
146,1175,36,9,15,4,582,715,1,1,0,1,0,1,2447,5,2959,624,2,832,845
147,160,127,40,80,5,582,731,1,1,0,1,0,1,2447,5,2959,624,8,832,932
148,233,12,5,1,5,628,731,1,1,0,1,0,1,2447,5,2959,1245,1,491,616
149,233,17,17,74,5,628,731,1,1,0,1,0,1,2447,5,2959,1245,10,491,845
150,703,23,7,21,4,628,715,1,1,0,1,0,1,2447,5,2959,624,7,504,852
151,233,102,17,45,5,628,844,1,1,0,1,0,1,2447,5,2959,1245,2,504,616
152,723,113,15,55,5,628,810,1,1,0,1,0,1,2447,5,2959,624,8,295,852
153,233,30,8,10,2,628,844,1,1,0,1,0,1,2447,5,2959,1245,1,295,932
154,723,24,24,24,2,631,731,1,1,0,1,0,1,2447,5,2959,624,7,402,932
155,703,15,5,18,5,631,715,1,1,0,1,0,1,2447,5,2959,624,3,402,932
156,233,6,4,14,1,631,844,1,1,0,1,0,1,2447,5,2959,1245,1,420,932
157,934,3,3,0,4,631,715,1,1,0,1,0,1,2447,5,2959,688,7,420,735
158,568,41,10,56,5,631,810,1,1,0,1,0,1,2447,5,2959,1245,4,633,845
159,233,19,8,56,4,631,731,1,1,0,1,0,1,2447,5,2959,1245,10,633,628
160,160,18,9,10,5,648,731,1,1,0,1,0,1,2447,5,2959,624,1,935,932
161,640,6,6,7,5,648,731,1,1,0,1,0,1,2447,5,2959,624,7,935,735
162,233,103,5,98,5,648,731,1,1,0,1,0,1,2447,5,2959,1245,7,718,616
163,160,18,4,16,5,648,715,1,1,0,1,0,1,2447,5,2959,624,0,718,607
164,521,9,7,7,5,648,844,1,1,0,1,0,1,2447,5,2959,582,5,830,932
165,233,50,19,45,5,648,844,1,1,0,1,0,1,2447,5,2959,1245,0,830,607
166,568,4,3,8,2,582,731,1,1,0,1,0,1,2447,5,2959,1245,8,791,735
167,233,7,3,8,5,582,810,1,1,0,1,0,1,2447,5,2959,1245,5,791,628
168,613,28,23,31,3,582,731,1,1,0,1,0,1,2906,5,3025,1245,4,730,607
169,233,32,6,11,5,582,810,1,1,0,1,0,1,2906,5,3025,1245,10,730,607
170,568,4,0,4,5,582,731,1,1,0,1,0,1,2906,5,3025,1245,9,832,607
171,233,37,8,9,4,582,731,1,1,0,1,0,1,2906,5,3025,1245,3,832,735
172,568,10,3,7,5,628,810,1,1,0,1,0,1,2906,5,3025,1245,6,491,932
173,568,36,30,80,5,628,810,1,1,0,1,0,1,2906,5,3025,1245,8,491,607
174,233,31,10,14,4,628,731,1,1,0,1,0,1,2906,5,3025,1245,5,504,628
175,568,66,33,60,5,628,731,1,1,0,1,0,1,2906,5,3025,1245,10,504,845
176,591,17,4,8,5,628,731,1,1,0,1,0,1,2906,5,3025,624,0,295,845
177,160,57,20,71,5,628,844,1,1,0,1,0,1,2906,5,3025,624,0,295,607
178,233,42,8,22,4,631,715,1,1,0,1,0,1,2906,5,3025,1245,6,402,616
179,233,28,20,14,3,631,731,1,1,0,1,0,1,2906,5,3025,1245,8,402,607
180,507,19,8,10,4,631,715,1,1,0,1,0,1,2906,5,3025,624,3,420,932
181,233,20,11,21,5,631,810,1,1,0,1,0,1,2906,5,3025,1245,9,420,607
182,160,75,19,93,4,631,715,1,1,0,1,0,1,2906,5,3025,624,8,633,628
183,233,91,16,26,4,631,844,1,1,0,1,0,1,2906,5,3025,1245,3,633,932
184,160,52,48,78,3,648,715,1,1,0,1,0,1,2906,5,3025,624,8,935,845
185,233,93,4,8,5,648,810,1,1,0,1,0,1,2906,5,3025,1245,2,935,845
186,568,9,3,15,5,648,810,1,1,0,1,0,1,2906,5,3025,1245,1,718,932
187,934,5,3,9,5,648,731,1,1,0,1,0,1,2906,5,3025,688,2,718,852
188,936,37,7,10,5,648,715,1,1,0,1,0,1,2906,5,3025,382,0,830,628
189,612,31,25,35,3,648,810,1,1,0,1,0,1,2906,5,3025,1253,7,830,628
190,233,6,4,4,5,582,731,1,1,0,1,0,1,2906,5,3025,1245,7,791,852
191,233,252,55,113,4,582,810,1,1,0,1,0,1,2906,5,3025,1245,8,791,616
192,233,164,48,82,5,582,731,1,1,1,1,0,1,1282,5,2700,1245,4,730,845
193,233,5,3,9,5,582,810,1,1,1,1,0,1,1282,5,2700,1245,4,730,735
194,568,7,5,20,4,582,731,1,1,1,1,0,1,1282,5,2700,1245,3,832,845
195,233,18,11,15,5,582,731,1,1,1,1,0,1,1282,5,2700,1245,7,832,735
196,233,20,13,16,5,628,715,1,1,1,1,0,1,1282,5,2700,1245,6,491,607
197,233,21,5,12,4,628,844,1,1,1,1,0,1,1282,5,2700,1245,8,491,616
198,233,125,35,48,5,628,844,1,1,1,1,0,1,1282,5,2700,1245,4,504,628
199,233,11,7,10,4,628,731,1,1,1,1,0,1,1282,5,2700,1245,1,504,616
200,936,16,10,16,3,628,413,1,1,1,1,0,1,1282,5,2700,382,7,295,616
201,160,19,5,5,5,628,731,1,1,1,1,0,1,1282,5,2700,624,3,295,616
202,233,73,27,365,5,631,731,1,1,1,1,0,1,1282,5,2700,1245,6,402,932
203,233,5,4,4,5,631,731,1,1,1,1,0,1,1282,5,2700,1245,11,402,932
204,233,30,10,17,5,631,731,1,1,1,1,0,1,1282,5,2700,1245,3,420,616
205,568,7,4,10,5,631,731,1,1,1,1,0,1,1282,5,2700,1245,3,420,628
206,568,67,46,99,5,631,731,1,1,1,1,0,1,1282,5,2700,1245,6,633,628
207,700,18,13,25,5,631,413,1,1,1,1,0,1,1282,5,2700,624,9,633,845
208,568,12,7,11,2,648,844,1,1,1,1,0,1,1282,5,2700,1245,4,935,616
209,568,40,12,26,5,648,715,1,1,1,1,0,1,1282,5,2700,1245,7,935,845
210,233,142,17,31,4,648,731,1,1,1,1,0,1,1282,5,2700,1245,3,718,616
211,160,8,4,16,5,648,731,1,1,1,1,0,1,1282,5,2700,624,7,718,845
212,921,15,9,3,5,648,844,1,1,1,1,0,1,1282,5,2700,1245,2,830,616
213,160,2,18,14,5,648,731,1,1,1,1,0,1,1282,5,2700,624,8,830,932
214,160,10,6,10,5,582,731,1,1,1,1,0,1,1282,5,2700,624,5,791,735
215,233,16,13,55,5,582,731,1,1,1,1,0,1,1282,5,2700,1245,9,791,735
216,160,21,7,13,5,582,413,1,1,0,1,0,1,3330,5,1282,624,10,730,735
217,485,69,58,41,5,582,844,1,1,0,1,0,1,3330,5,1282,382,5,730,845
218,233,33,13,8,5,582,844,1,1,0,1,0,1,3330,5,1282,1245,5,832,932
219,233,1,0,2,5,582,810,1,1,0,1,0,1,3330,5,1282,1245,0,832,735
220,233,49,8,23,5,628,731,1,1,0,1,0,1,3330,5,1282,1245,5,491,616
221,233,775,52,255,3,628,731,1,1,0,1,0,1,3330,5,1282,1245,2,491,932
222,1881,16,7,6,4,628,731,1,1,0,1,0,1,3330,5,1282,382,7,504,616
223,233,1,0,1,5,628,731,1,1,0,1,0,1,3330,5,1282,1245,0,504,932
224,936,19,11,17,4,628,810,1,1,0,1,0,1,3330,5,1282,382,7,295,607
225,612,7,4,8,5,628,810,1,1,0,1,0,1,3330,5,1282,1253,7,295,628
226,233,38,18,16,5,631,731,1,1,0,1,0,1,3330,5,1282,1245,8,402,628
227,233,48,14,30,5,631,844,1,1,0,1,0,1,3330,5,1282,1245,9,402,932
228,568,136,20,55,5,631,810,1,1,0,1,0,1,3330,5,1282,1245,3,420,628
229,233,26,8,1,4,631,810,1,1,0,1,0,1,3330,5,1282,1245,6,420,616
230,394,3,3,2,4,631,731,1,1,0,1,0,1,3330,5,1282,382,4,633,628
231,233,78,17,24,5,631,731,1,1,0,1,0,1,3330,5,1282,1245,5,633,616
232,160,24,18,12,5,648,810,1,1,0,1,0,1,3330,5,1282,624,0,935,852
233,521,2,0,15,1,648,810,1,1,0,1,0,1,3330,5,1282,582,1,935,616
234,703,4,3,3,5,648,715,1,1,0,1,0,1,3330,5,1282,624,11,718,852
235,934,11,7,17,5,648,731,1,1,0,1,0,1,3330,5,1282,688,2,718,845
236,723,1,0,1,2,648,731,1,1,0,1,0,1,3330,5,1282,624,0,830,932
237,934,35,16,17,4,648,810,1,1,0,1,0,1,3330,5,1282,688,2,830,735
238,233,110,19,76,4,582,844,1,1,0,1,0,1,3330,5,1282,1245,2,791,735
239,233,53,25,24,5,582,731,1,1,0,1,0,1,3330,5,1282,1245,3,791,628
240,1110,320,45,102,3,582,844,1,0,0,0,0,1,1158,"4,5",188,382,6,730,735
241,233,2,0,2,4,582,844,1,0,0,0,0,1,1158,"4,5",188,1245,1,730,845
242,233,26,6,12,5,582,810,1,0,0,0,0,1,1158,"4,5",188,1245,1,832,628
243,233,4,4,0,5,582,731,1,0,0,0,0,1,1158,"4,5",188,1245,2,832,616
244,233,9,9,6,2,628,413,1,0,0,0,0,1,1158,"4,5",188,1245,1,491,932
245,233,17,14,70,5,628,715,1,0,0,0,0,1,1158,"4,5",188,1245,10,491,628
246,568,3,0,1,5,628,731,1,0,0,0,0,1,1158,"4,5",188,1245,1,504,735
247,568,14,0,4,2,628,810,1,0,0,0,0,1,1158,"4,5",188,1245,4,504,735
248,233,235,111,267,5,628,715,1,0,0,0,0,1,1158,"4,5",188,1245,9,295,607
249,233,59,9,21,5,628,731,1,0,0,0,0,1,1158,"4,5",188,1245,3,295,616
250,233,2,0,2,5,631,715,1,0,0,0,0,1,1158,"4,5",188,1245,0,402,932
251,233,2,0,1,5,631,731,1,0,0,0,0,1,1158,"4,5",188,1245,0,402,932
252,233,21,18,53,5,631,731,1,0,0,0,0,1,1158,"4,5",188,1245,11,420,932
253,233,4,0,16,1,631,715,1,0,0,0,0,1,1158,"4,5",188,1245,0,420,852
254,1144,184,52,70,5,631,731,1,0,0,0,0,1,1158,"4,5",188,624,3,633,932
255,160,262,75,150,4,631,810,1,0,0,0,0,1,1158,"4,5",188,624,2,633,616
256,233,69,11,17,5,648,731,1,0,0,0,0,1,1158,"4,5",188,1245,0,935,628
257,934,92,12,27,4,648,844,1,0,0,0,0,1,1158,"4,5",188,688,2,935,845
258,233,131,61,116,3,648,810,1,0,0,0,0,1,1158,"4,5",188,1245,8,718,852
259,640,25,10,16,5,648,715,1,0,0,0,0,1,1158,"4,5",188,624,8,718,735
260,568,49,22,53,3,648,731,1,0,0,0,0,1,1158,"4,5",188,1245,5,830,628
261,233,148,33,55,4,648,844,1,0,0,0,0,1,1158,"4,5",188,1245,3,830,932
262,568,26,7,22,4,582,731,1,0,0,0,0,1,1158,"4,5",188,1245,4,791,932
263,233,13,4,1,4,582,731,1,0,0,0,0,1,1158,"4,5",188,1245,2,791,932
264,805,3,3,20,1,582,844,1,1,0,1,0,1,2195,5,2034,382,5,730,735
265,233,46,12,87,5,582,731,1,1,0,1,0,1,2195,5,2034,1245,3,730,735
266,160,127,40,81,4,582,731,1,1,0,1,0,1,2195,5,2034,624,8,832,852
267,233,15,5,12,5,582,844,1,1,0,1,0,1,2195,5,2034,1245,4,832,628
268,233,16,14,23,5,628,731,1,1,0,1,0,1,2195,5,2034,1245,7,491,607
269,233,113,38,27,4,628,715,1,1,0,1,0,1,2195,5,2034,1245,1,491,735
270,160,7,5,5,3,628,810,1,1,0,1,0,1,2195,5,2034,624,7,504,616
271,836,73,32,99,4,628,715,1,1,0,1,0,1,2195,5,2034,1253,10,504,852
272,233,35,12,3,5,628,844,1,1,0,1,0,1,2195,5,2034,1245,2,295,607
273,160,139,20,86,5,628,715,1,1,0,1,0,1,2195,5,2034,624,5,295,616
274,160,28,12,30,5,631,731,1,1,0,1,0,1,2195,5,2034,624,2,402,845
275,233,34,8,26,4,631,844,1,1,0,1,0,1,2195,5,2034,1245,4,402,735
276,233,4,3,5,5,631,715,1,1,0,1,0,1,2195,5,2034,1245,3,420,852
277,233,32,11,14,5,631,810,1,1,0,1,0,1,2195,5,2034,1245,3,420,628
278,160,9,3,4,5,631,810,1,1,0,1,0,1,2195,5,2034,624,1,633,852
279,233,333,58,200,5,631,810,1,1,0,1,0,1,2195,5,2034,1245,4,633,628
280,233,29,11,15,5,648,731,1,1,0,1,0,1,2195,5,2034,1245,6,935,616
281,160,85,43,68,5,648,715,1,1,0,1,0,1,2195,5,2034,624,5,935,932
282,233,12,5,1,5,648,731,1,1,0,1,0,1,2195,5,2034,1245,5,718,607
283,160,34,10,7,4,648,844,1,1,0,1,0,1,2195,5,2034,624,4,718,852
284,485,13,7,8,5,648,731,1,1,0,1,0,1,2195,5,2034,382,5,830,628
285,233,5,5,14,5,648,731,1,1,0,1,0,1,2195,5,2034,1245,5,830,628
286,233,169,25,41,5,582,715,1,1,0,1,0,1,2195,5,2034,1245,8,791,735
287,233,11,10,6,5,582,844,1,1,0,1,0,1,2195,5,2034,1245,7,791,735
288,233,4,3,2,5,582,731,1,1,0,1,0,1,3684,"3,5",1228,1245,6,730,607
289,233,50,39,48,2,582,810,1,1,0,1,0,1,3684,"3,5",1228,1245,10,730,852
290,613,10,3,1,5,582,844,1,1,0,1,0,1,3684,"3,5",1228,1245,4,832,735
291,568,7,4,4,5,582,731,1,1,0,1,0,1,3684,"3,5",1228,1245,1,832,607
292,160,60,7,42,5,628,731,1,1,0,1,0,1,3684,"3,5",1228,624,8,491,735
293,1144,92,49,18,4,628,731,1,1,0,1,0,1,3684,"3,5",1228,624,5,491,852
294,934,106,37,58,4,628,844,1,1,0,1,0,1,3684,"3,5",1228,688,3,504,932
295,568,7,5,45,4,628,810,1,1,0,1,0,1,3684,"3,5",1228,1245,10,504,616
296,612,37,31,38,5,628,810,1,1,0,1,0,1,3684,"3,5",1228,1253,9,295,607
297,233,70,25,19,1,628,731,1,1,0,1,0,1,3684,"3,5",1228,1245,3,295,607
298,233,9,3,4,5,631,715,1,1,0,1,0,1,3684,"3,5",1228,1245,1,402,616
299,233,11,6,7,5,631,413,1,1,0,1,0,1,3684,"3,5",1228,1245,1,402,616
300,700,39,18,9,4,631,810,1,1,0,1,0,1,3684,"3,5",1228,624,4,420,852
301,160,10,0,9,5,631,810,1,1,0,1,0,1,3684,"3,5",1228,624,1,420,932
302,233,78,17,24,4,631,731,1,1,0,1,0,1,3684,"3,5",1228,1245,5,633,616
303,160,48,21,19,5,631,810,1,1,0,1,0,1,3684,"3,5",1228,624,4,633,607
304,568,112,34,41,5,648,810,1,1,0,1,0,1,3684,"3,5",1228,1245,7,935,628
305,233,28,17,14,5,648,413,1,1,0,1,0,1,3684,"3,5",1228,1245,2,935,932
306,160,11,3,16,2,648,731,1,1,0,1,0,1,3684,"3,5",1228,624,2,718,932
307,233,9,5,11,4,648,844,1,1,0,1,0,1,3684,"3,5",1228,1245,9,718,932
308,233,4,4,1,3,648,810,1,1,0,1,0,1,3684,"3,5",1228,1245,0,830,932
309,613,22,15,25,4,648,810,1,1,0,1,0,1,3684,"3,5",1228,1245,6,830,616
310,233,42,11,36,5,582,731,1,1,0,1,0,1,3684,"3,5",1228,1245,7,791,616
311,934,20,16,9,4,582,731,1,1,0,1,0,1,3684,"3,5",1228,688,7,791,735
312,568,160,34,88,4,582,844,1,1,0,0,0,1,2259,"3,5",732,1245,6,730,845
313,233,372,78,169,4,582,844,1,1,0,0,0,1,2259,"3,5",732,1245,4,730,628
314,233,84,18,36,5,582,810,1,1,0,0,0,1,2259,"3,5",732,1245,4,832,932
315,233,21,13,20,5,582,844,1,1,0,0,0,1,2259,"3,5",732,1245,5,832,852
316,160,95,37,55,4,628,715,1,1,0,0,0,1,2259,"3,5",732,624,6,491,735
317,723,118,107,131,5,628,844,1,1,0,0,0,1,2259,"3,5",732,624,10,491,616
318,568,6,0,8,5,628,731,1,1,0,0,0,1,2259,"3,5",732,1245,10,504,932
319,233,60,4,31,4,628,731,1,1,0,0,0,1,2259,"3,5",732,1245,2,504,735
320,934,275,79,339,4,628,731,1,1,0,0,0,1,2259,"3,5",732,688,7,295,628
321,568,46,39,42,4,628,844,1,1,0,0,0,1,2259,"3,5",732,1245,6,295,932
322,233,6,5,6,5,631,810,1,1,0,0,0,1,2259,"3,5",732,1245,4,402,735
323,934,11,0,5,5,631,810,1,1,0,0,0,1,2259,"3,5",732,688,0,402,852
324,233,75,37,48,5,631,731,1,1,0,0,0,1,2259,"3,5",732,1245,6,420,845
325,706,240,76,115,5,631,731,1,1,0,0,0,1,2259,"3,5",732,624,3,420,616
326,612,20,12,7,5,631,810,1,1,0,0,0,1,2259,"3,5",732,382,1,633,932
327,608,62,40,25,5,631,810,1,1,0,0,0,1,2259,"3,5",732,382,5,633,628
328,595,88,19,58,5,648,715,1,1,0,0,0,1,2259,"3,5",732,1245,1,935,932
329,233,6,3,5,5,648,715,1,1,0,0,0,1,2259,"3,5",732,1245,0,935,735
330,805,18,9,8,3,648,844,1,1,0,0,0,1,2259,"3,5",732,382,7,718,616
331,613,159,43,78,5,648,810,1,1,0,0,0,1,2259,"3,5",732,1245,4,718,932
332,629,47,23,20,4,648,731,1,1,0,0,0,1,2259,"3,5",732,382,1,830,852
333,640,86,12,46,4,648,731,1,1,0,0,0,1,2259,"3,5",732,624,5,830,628
334,233,42,9,13,5,582,731,1,1,0,0,0,1,2259,"3,5",732,1245,1,791,735
335,723,64,33,23,4,582,810,1,1,0,0,0,1,2259,"3,5",732,624,7,791,852
336,233,167,71,119,5,582,731,1,1,1,1,0,1,2973,3,716,1245,8,730,845
337,233,25,5,12,5,582,715,1,1,1,1,0,1,2973,3,716,1245,8,730,852
338,160,12,12,6,3,582,844,1,1,1,1,0,1,2973,3,716,624,4,832,607
339,233,608,117,319,5,582,844,1,1,1,1,0,1,2973,3,716,1245,5,832,845
340,233,5,4,3,5,628,715,1,1,1,1,0,1,2973,3,716,1245,8,491,628
341,233,26,17,34,5,628,731,1,1,1,1,0,1,2973,3,716,1245,7,491,852
342,612,11,5,9,5,628,731,1,1,1,1,0,1,2973,3,716,1253,7,504,616
343,233,39,10,13,4,628,731,1,1,1,1,0,1,2973,3,716,1245,3,504,932
344,485,1,0,3,2,628,810,1,1,1,1,0,1,2973,3,716,382,0,295,852
345,233,108,20,22,3,628,844,1,1,1,1,0,1,2973,3,716,1245,5,295,852
346,817,119,20,46,5,631,715,1,1,1,1,0,1,2973,3,716,382,1,402,628
347,233,27,15,17,3,631,731,1,1,1,1,0,1,2973,3,716,1245,6,402,735
348,723,55,55,134,5,631,731,1,1,1,1,0,1,2973,3,716,624,5,420,932
349,568,7,3,7,4,631,844,1,1,1,1,0,1,2973,3,716,1245,3,420,607
350,568,3,3,2,3,631,844,1,1,1,1,0,1,2973,3,716,1245,0,633,932
351,233,11,3,19,4,631,731,1,1,1,1,0,1,2973,3,716,1245,6,633,616
352,934,27,15,16,5,648,731,1,1,1,1,0,1,2973,3,716,688,5,935,628
353,233,13,4,6,5,648,731,1,1,1,1,0,1,2973,3,716,1245,0,935,932
354,160,19,11,14,3,648,731,1,1,1,1,0,1,2973,3,716,624,5,718,628
355,568,38,12,17,5,648,844,1,1,1,1,0,1,2973,3,716,1245,7,718,607
356,233,167,71,119,4,648,731,1,1,1,1,0,1,2973,3,716,1245,8,830,628
357,233,28,6,9,3,648,844,1,1,1,1,0,1,2973,3,716,1245,3,830,735
358,568,9,8,5,5,582,810,1,1,1,1,0,1,2973,3,716,1245,4,791,628
359,233,13,4,4,5,582,715,1,1,1,1,0,1,2973,3,716,1245,5,791,735
360,233,65,24,72,3,582,844,1,1,0,0,0,1,3557,3,315,1245,6,730,616
361,233,8,3,3,5,582,731,1,1,0,0,0,1,3557,3,315,1245,3,730,852
362,160,61,13,26,2,582,731,1,1,0,0,0,1,3557,3,315,624,4,832,628
363,233,3,3,8,2,582,810,1,1,0,0,0,1,3557,3,315,1245,1,832,845
364,233,66,13,21,5,628,715,1,1,0,0,0,1,3557,3,315,1245,9,491,607
365,595,9,7,4,5,628,731,1,1,0,0,0,1,3557,3,315,1245,2,491,735
366,595,82,14,61,3,628,810,1,1,0,0,0,1,3557,3,315,1245,1,504,932
367,568,113,48,33,3,628,810,1,1,0,0,0,1,3557,3,315,1245,4,504,628
368,233,11,8,12,3,628,715,1,1,0,0,0,1,3557,3,315,1245,6,295,628
369,568,2,1,1,3,628,810,1,1,0,0,0,1,3557,3,315,1245,3,295,735
370,233,31,11,24,5,631,731,1,1,0,0,0,1,3557,3,315,1245,2,402,932
371,934,32,12,22,4,631,731,1,1,0,0,0,1,3557,3,315,688,5,402,932
372,233,56,7,25,3,631,810,1,1,0,0,0,1,3557,3,315,1245,7,420,628
373,568,45,6,22,5,631,731,1,1,0,0,0,1,3557,3,315,1245,3,420,852
374,233,17,4,4,4,631,810,1,1,0,0,0,1,3557,3,315,1245,0,633,628
375,233,23,23,11,5,631,810,1,1,0,0,0,1,3557,3,315,1245,1,633,628
376,568,56,18,24,5,648,715,1,1,0,0,0,1,3557,3,315,1245,4,935,845
377,233,290,263,300,4,648,844,1,1,0,0,0,1,3557,3,315,1245,10,935,845
378,934,26,7,9,4,648,810,1,1,0,0,0,1,3557,3,315,688,0,718,607
379,485,116,44,53,4,648,731,1,1,0,0,0,1,3557,3,315,382,5,718,845
380,1347,14,5,15,4,648,844,1,1,0,0,0,1,3557,3,315,624,5,830,852
381,233,13,7,1,5,648,844,1,1,0,0,0,1,3557,3,315,1245,4,830,628
382,233,20,9,25,4,582,731,1,1,0,0,0,1,3557,3,315,1245,8,791,735
383,613,3,3,3,5,582,810,1,1,0,0,0,1,3557,3,315,1245,2,791,932
384,233,17,3,12,4,582,715,1,1,1,0,0,1,1899,"3,5",787,1245,2,730,616
385,934,21,11,13,5,582,810,1,1,1,0,0,1,1899,"3,5",787,688,4,730,628
386,233,60,11,33,5,582,731,1,1,1,0,0,1,1899,"3,5",787,1245,3,832,852
387,568,12,4,15,5,582,731,1,1,1,0,0,1,1899,"3,5",787,1245,11,832,616
388,233,27,12,51,5,628,715,1,1,1,0,0,1,1899,"3,5",787,1245,4,491,735
389,233,34,12,35,4,628,731,1,1,1,0,0,1,1899,"3,5",787,1245,3,491,735
390,568,69,22,38,5,628,810,1,1,1,0,0,1,1899,"3,5",787,1245,6,504,852
391,233,16,4,7,5,628,731,1,1,1,0,0,1,1899,"3,5",787,1245,4,504,845
392,934,26,5,5,4,628,810,1,1,1,0,0,1,1899,"3,5",787,688,1,295,852
393,233,54,10,15,4,628,844,1,1,1,0,0,1,1899,"3,5",787,1245,5,295,735
394,160,35,17,27,5,631,731,1,1,1,0,0,1,1899,"3,5",787,624,6,402,735
395,485,23,12,7,5,631,810,1,1,1,0,0,1,1899,"3,5",787,382,7,402,845
396,160,6,3,14,5,631,810,1,1,1,0,0,1,1899,"3,5",787,624,3,420,628
397,233,27,8,16,4,631,715,1,1,1,0,0,1,1899,"3,5",787,1245,4,420,852
398,233,41,8,14,3,631,810,1,1,1,0,0,1,1899,"3,5",787,1245,4,633,932
399,568,12,4,6,5,631,731,1,1,1,0,0,1,1899,"3,5",787,1245,2,633,616
400,233,14,3,14,5,648,715,1,1,1,0,0,1,1899,"3,5",787,1245,6,935,735
401,233,415,162,265,4,648,844,1,1,1,0,0,1,1899,"3,5",787,1245,8,935,628
402,703,76,27,32,3,648,731,1,1,1,0,0,1,1899,"3,5",787,624,6,718,852
403,160,24,12,30,4,648,731,1,1,1,0,0,1,1899,"3,5",787,624,4,718,616
404,490,23,9,23,3,648,810,1,1,1,0,0,1,1899,"3,5",787,382,4,830,616
405,233,182,24,47,4,648,810,1,1,1,0,0,1,1899,"3,5",787,1245,2,830,628
406,233,289,28,133,4,582,810,1,1,1,0,0,1,1899,"3,5",787,1245,5,791,735
407,568,101,35,46,5,582,715,1,1,1,0,0,1,1899,"3,5",787,1245,5,791,845
408,703,31,11,20,4,582,844,1,1,0,1,0,1,2541,5,4027,624,2,730,607
409,233,20,6,9,5,582,413,1,1,0,1,0,1,2541,5,4027,1245,0,730,932
410,233,60,16,15,4,582,810,1,1,0,1,0,1,2541,5,4027,1245,5,832,845
411,613,1,0,2,5,582,731,1,1,0,1,0,1,2541,5,4027,1245,0,832,628
412,233,9,3,13,3,628,731,1,1,0,1,0,1,2541,5,4027,1245,2,491,852
413,233,19,7,5,5,628,731,1,1,0,1,0,1,2541,5,4027,1245,5,491,932
414,608,116,78,206,5,628,731,1,1,0,1,0,1,2541,5,4027,382,9,504,628
415,934,22,13,26,4,628,731,1,1,0,1,0,1,2541,5,4027,688,2,504,607
416,934,83,10,26,4,628,810,1,1,0,1,0,1,2541,5,4027,688,1,295,735
417,160,20,3,9,5,628,731,1,1,0,1,0,1,2541,5,4027,624,0,295,616
418,233,7,5,6,5,631,731,1,1,0,1,0,1,2541,5,4027,1245,1,402,616
419,233,95,34,46,5,631,844,1,1,0,1,0,1,2541,5,4027,1245,6,402,628
420,934,15,6,19,4,631,731,1,1,0,1,0,1,2541,5,4027,688,4,420,932
421,160,13,7,12,4,631,731,1,1,0,1,0,1,2541,5,4027,624,5,420,628
422,568,19,8,24,5,631,810,1,1,0,1,0,1,2541,5,4027,1245,10,633,932
423,160,21,6,15,5,631,731,1,1,0,1,0,1,2541,5,4027,624,3,633,845
424,160,56,11,14,5,648,731,1,1,0,1,0,1,2541,5,4027,624,5,935,607
425,160,29,7,15,5,648,731,1,1,0,1,0,1,2541,5,4027,624,7,935,852
426,612,20,0,8,5,648,731,1,1,0,1,0,1,2541,5,4027,1253,2,718,607
427,160,39,20,31,4,648,731,1,1,0,1,0,1,2541,5,4027,624,8,718,852
428,1175,9,6,3,5,648,715,1,1,0,1,0,1,2541,5,4027,624,5,830,845
429,934,43,38,29,5,648,731,1,1,0,1,0,1,2541,5,4027,688,4,830,845
430,936,16,10,11,5,582,810,1,1,0,1,0,1,2541,5,4027,382,9,791,852
431,233,6,6,12,4,582,731,1,1,0,1,0,1,2541,5,4027,1245,10,791,932
432,934,16,6,3,4,582,413,1,1,0,1,0,1,1653,5,3933,688,3,730,845
433,233,15,3,13,5,582,810,1,1,0,1,0,1,1653,5,3933,1245,5,730,852
434,233,30,6,26,4,582,731,1,1,0,1,0,1,1653,5,3933,1245,3,832,735
435,233,41,9,111,5,582,844,1,1,0,1,0,1,1653,5,3933,1245,1,832,607
436,485,44,35,53,5,628,731,1,1,0,1,0,1,1653,5,3933,382,6,491,735
437,233,30,9,17,2,628,844,1,1,0,1,0,1,1653,5,3933,1245,0,491,735
438,703,23,10,18,5,628,844,1,1,0,1,0,1,1653,5,3933,624,4,504,616
439,507,3,0,8,2,628,810,1,1,0,1,0,1,1653,5,3933,624,3,504,735
440,160,12,6,16,3,628,715,1,1,0,1,0,1,1653,5,3933,624,3,295,607
441,160,15,6,17,5,628,731,1,1,0,1,0,1,1653,5,3933,624,1,295,852
442,160,5,0,5,5,631,810,1,1,0,1,0,1,1653,5,3933,624,0,402,932
443,233,32,5,11,4,631,844,1,1,0,1,0,1,1653,5,3933,1245,6,402,628
444,233,28,5,23,5,631,731,1,1,0,1,0,1,1653,5,3933,1245,5,420,607
445,498,77,18,48,4,631,810,1,1,0,1,0,1,1653,5,3933,382,10,420,845
446,233,11,8,2,4,631,413,1,1,0,1,0,1,1653,5,3933,1245,0,633,616
447,824,102,25,37,5,631,810,1,1,0,1,0,1,1653,5,3933,624,6,633,628
448,703,13,3,2,5,648,731,1,1,0,1,0,1,1653,5,3933,624,6,935,735
449,233,62,13,31,4,648,844,1,1,0,1,0,1,1653,5,3933,1245,2,935,735
450,160,26,22,42,5,648,731,1,1,0,1,0,1,1653,5,3933,624,5,718,628
451,160,13,6,12,4,648,731,1,1,0,1,0,1,1653,5,3933,624,1,718,845
452,160,26,18,43,5,648,715,1,1,0,1,0,1,1653,5,3933,624,4,830,616
453,568,17,10,39,5,648,715,1,1,0,1,0,1,1653,5,3933,1245,3,830,845
454,485,4,4,1,4,582,844,1,1,0,1,0,1,1653,5,3933,382,1,791,616
455,817,20,18,19,2,582,810,1,1,0,1,0,1,1653,5,3933,382,4,791,607
456,233,14,3,7,4,582,731,1,1,0,1,0,1,1365,4,2916,1245,7,730,845
457,568,19,3,12,5,582,731,1,1,0,1,0,1,1365,4,2916,1245,1,730,932
458,233,4,4,2,2,582,731,1,1,0,1,0,1,1365,4,2916,1245,1,832,932
459,233,116,12,43,4,582,715,1,1,0,1,0,1,1365,4,2916,1245,4,832,735
460,233,121,13,59,2,628,731,1,1,0,1,0,1,1365,4,2916,1245,9,491,735
461,233,14,7,6,5,628,731,1,1,0,1,0,1,1365,4,2916,1245,2,491,607
462,233,56,16,54,4,628,844,1,1,0,1,0,1,1365,4,2916,1245,9,504,735
463,568,73,4,39,3,628,715,1,1,0,1,0,1,1365,4,2916,1245,3,504,616
464,233,9,5,4,5,628,715,1,1,0,1,0,1,1365,4,2916,1245,6,295,852
465,233,137,42,51,3,628,731,1,1,0,1,0,1,1365,4,2916,1245,5,295,628
466,934,30,12,38,5,631,731,1,1,0,1,0,1,1365,4,2916,688,4,402,845
467,921,130,19,49,3,631,731,1,1,0,1,0,1,1365,4,2916,1245,6,402,628
468,233,50,15,23,4,631,731,1,1,0,1,0,1,1365,4,2916,1245,3,420,607
469,160,22,9,11,4,631,810,1,1,0,1,0,1,1365,4,2916,624,3,420,932
470,521,85,37,65,5,631,810,1,1,0,1,0,1,1365,4,2916,582,4,633,607
471,233,73,7,26,5,631,731,1,1,0,1,0,1,1365,4,2916,1245,3,633,852
472,233,20,10,27,4,648,731,1,1,0,1,0,1,1365,4,2916,1245,2,935,852
473,568,13,6,13,5,648,731,1,1,0,1,0,1,1365,4,2916,1245,2,935,735
474,568,18,3,10,2,648,731,1,1,0,1,0,1,1365,4,2916,1245,2,718,616
475,233,6,4,6,5,648,731,1,1,0,1,0,1,1365,4,2916,1245,0,718,845
476,233,48,8,25,4,648,731,1,1,0,1,0,1,1365,4,2916,1245,6,830,616
477,233,24,3,5,5,648,731,1,1,0,1,0,1,1365,4,2916,1245,0,830,628
478,568,123,26,63,5,582,731,1,1,0,1,0,1,1365,4,2916,1245,4,791,845
479,233,24,7,6,4,582,715,1,1,0,1,0,1,1365,4,2916,1245,1,791,852
480,568,20,13,17,4,582,731,1,1,0,1,0,1,3412,4,826,1245,4,730,616
481,233,15,3,4,3,582,810,1,1,0,1,0,1,3412,4,826,1245,7,730,735
482,515,189,72,129,4,582,413,1,1,0,1,0,1,3412,4,826,624,3,832,607
483,233,25,19,27,3,582,731,1,1,0,1,0,1,3412,4,826,1245,8,832,616
484,233,33,11,12,5,628,844,1,1,0,1,0,1,3412,4,826,1245,4,491,932
485,233,14,7,13,5,628,715,1,1,0,1,0,1,3412,4,826,1245,4,491,852
486,233,38,22,47,4,628,844,1,1,0,1,0,1,3412,4,826,1245,4,504,616
487,521,169,43,85,4,628,413,1,1,0,1,0,1,3412,4,826,582,12,504,628
488,233,20,17,21,3,628,715,1,1,0,1,0,1,3412,4,826,1245,4,295,628
489,233,17,10,18,4,628,731,1,1,0,1,0,1,3412,4,826,1245,3,295,735
490,233,96,47,161,4,631,413,1,1,0,1,0,1,3412,4,826,1245,11,402,616
491,233,38,13,11,3,631,844,1,1,0,1,0,1,3412,4,826,1245,5,402,628
492,485,12,11,9,4,631,810,1,1,0,1,0,1,3412,4,826,382,6,420,616
493,233,9,8,1,5,631,731,1,1,0,1,0,1,3412,4,826,1245,6,420,616
494,233,23,21,22,3,631,810,1,1,0,1,0,1,3412,4,826,1245,7,633,932
495,233,21,6,3,4,631,731,1,1,0,1,0,1,3412,4,826,1245,5,633,735
496,233,30,27,19,5,648,413,1,1,0,1,0,1,3412,4,826,1245,6,935,607
497,233,63,16,59,3,648,731,1,1,0,1,0,1,3412,4,826,1245,11,935,932
498,160,35,3,25,5,648,731,1,1,0,1,0,1,3412,4,826,624,1,718,616
499,160,15,4,8,5,648,731,1,1,0,1,0,1,3412,4,826,624,1,718,628
500,568,50,13,29,4,648,731,1,1,0,1,0,1,3412,4,826,1245,8,830,852
501,233,154,23,31,4,648,715,1,1,0,1,0,1,3412,4,826,1245,4,830,852
502,233,9,6,5,2,582,810,1,1,0,1,0,1,3412,4,826,1245,9,791,932
503,233,20,19,112,4,582,810,1,1,0,1,0,1,3412,4,826,1245,5,791,735
